PRAGMA foreign_keys=OFF;
BEGIN TRANSACTION;
CREATE TABLE IF NOT EXISTS "django_migrations" ("id" integer NOT NULL PRIMARY KEY AUTOINCREMENT, "app" varchar(255) NOT NULL, "name" varchar(255) NOT NULL, "applied" datetime NOT NULL);
INSERT INTO django_migrations VALUES(1,'contenttypes','0001_initial','2025-12-01 00:02:12.744150');
INSERT INTO django_migrations VALUES(2,'auth','0001_initial','2025-12-01 00:02:12.749700');
INSERT INTO django_migrations VALUES(3,'admin','0001_initial','2025-12-01 00:02:12.753191');
INSERT INTO django_migrations VALUES(4,'admin','0002_logentry_remove_auto_add','2025-12-01 00:02:12.757619');
INSERT INTO django_migrations VALUES(5,'admin','0003_logentry_add_action_flag_choices','2025-12-01 00:02:12.760429');
INSERT INTO django_migrations VALUES(6,'contenttypes','0002_remove_content_type_name','2025-12-01 00:02:12.767426');
INSERT INTO django_migrations VALUES(7,'auth','0002_alter_permission_name_max_length','2025-12-01 00:02:12.771601');
INSERT INTO django_migrations VALUES(8,'auth','0003_alter_user_email_max_length','2025-12-01 00:02:12.775701');
INSERT INTO django_migrations VALUES(9,'auth','0004_alter_user_username_opts','2025-12-01 00:02:12.778617');
INSERT INTO django_migrations VALUES(10,'auth','0005_alter_user_last_login_null','2025-12-01 00:02:12.782536');
INSERT INTO django_migrations VALUES(11,'auth','0006_require_contenttypes_0002','2025-12-01 00:02:12.783139');
INSERT INTO django_migrations VALUES(12,'auth','0007_alter_validators_add_error_messages','2025-12-01 00:02:12.785694');
INSERT INTO django_migrations VALUES(13,'auth','0008_alter_user_username_max_length','2025-12-01 00:02:12.789990');
INSERT INTO django_migrations VALUES(14,'auth','0009_alter_user_last_name_max_length','2025-12-01 00:02:12.793940');
INSERT INTO django_migrations VALUES(15,'auth','0010_alter_group_name_max_length','2025-12-01 00:02:12.802923');
INSERT INTO django_migrations VALUES(16,'auth','0011_update_proxy_permissions','2025-12-01 00:02:12.806487');
INSERT INTO django_migrations VALUES(17,'auth','0012_alter_user_first_name_max_length','2025-12-01 00:02:12.810578');
INSERT INTO django_migrations VALUES(18,'food_type','0001_initial','2025-12-01 00:02:12.812505');
INSERT INTO django_migrations VALUES(19,'food_preference','0001_initial','2025-12-01 00:02:12.814893');
INSERT INTO django_migrations VALUES(20,'patient','0001_initial','2025-12-01 00:02:12.817201');
INSERT INTO django_migrations VALUES(21,'food_preference','0002_initial','2025-12-01 00:02:12.820405');
INSERT INTO django_migrations VALUES(22,'logged_food','0001_initial','2025-12-01 00:02:12.823384');
INSERT INTO django_migrations VALUES(23,'meal_type','0001_initial','2025-12-01 00:02:12.824802');
INSERT INTO django_migrations VALUES(24,'meal_type_nutritional_plan','0001_initial','2025-12-01 00:02:12.826809');
INSERT INTO django_migrations VALUES(25,'model_meal_type_component','0001_initial','2025-12-01 00:02:12.831256');
INSERT INTO django_migrations VALUES(26,'logged_meal','0001_initial','2025-12-01 00:02:12.834859');
INSERT INTO django_migrations VALUES(27,'logged_meal','0002_initial','2025-12-01 00:02:12.839543');
INSERT INTO django_migrations VALUES(28,'logged_meal','0003_initial','2025-12-01 00:02:12.844030');
INSERT INTO django_migrations VALUES(29,'nutritional_goal','0001_initial','2025-12-01 00:02:12.848798');
INSERT INTO django_migrations VALUES(30,'nutritional_plan','0001_initial','2025-12-01 00:02:12.853547');
INSERT INTO django_migrations VALUES(31,'meal_type','0002_initial','2025-12-01 00:02:12.858794');
INSERT INTO django_migrations VALUES(32,'meal_type_nutritional_plan','0002_initial','2025-12-01 00:02:12.864625');
INSERT INTO django_migrations VALUES(33,'planned_meal','0001_initial','2025-12-01 00:02:12.873870');
INSERT INTO django_migrations VALUES(34,'planned_food','0001_initial','2025-12-01 00:02:12.880073');
INSERT INTO django_migrations VALUES(35,'sessions','0001_initial','2025-12-01 00:02:12.882014');
INSERT INTO django_migrations VALUES(36,'food_type','0002_alter_foodtype_container_total_weight','2025-12-01 00:05:55.353046');
INSERT INTO django_migrations VALUES(37,'food_type','0003_alter_foodtype_fiber_alter_foodtype_kcal','2025-12-01 00:10:36.850379');
INSERT INTO django_migrations VALUES(38,'food_type','0004_alter_foodtype_fiber','2025-12-01 00:11:49.856092');
INSERT INTO django_migrations VALUES(39,'food_type','0005_alter_foodtype_container_total_weight','2025-12-01 00:12:42.348638');
INSERT INTO django_migrations VALUES(40,'food_preference','0003_rename_food_foodpreference_food_type','2025-12-01 00:28:47.840064');
INSERT INTO django_migrations VALUES(41,'food_type','0006_alter_foodtype_container_total_weight','2025-12-01 00:28:47.845656');
CREATE TABLE IF NOT EXISTS "auth_group_permissions" ("id" integer NOT NULL PRIMARY KEY AUTOINCREMENT, "group_id" integer NOT NULL REFERENCES "auth_group" ("id") DEFERRABLE INITIALLY DEFERRED, "permission_id" integer NOT NULL REFERENCES "auth_permission" ("id") DEFERRABLE INITIALLY DEFERRED);
CREATE TABLE IF NOT EXISTS "auth_user_groups" ("id" integer NOT NULL PRIMARY KEY AUTOINCREMENT, "user_id" integer NOT NULL REFERENCES "auth_user" ("id") DEFERRABLE INITIALLY DEFERRED, "group_id" integer NOT NULL REFERENCES "auth_group" ("id") DEFERRABLE INITIALLY DEFERRED);
CREATE TABLE IF NOT EXISTS "auth_user_user_permissions" ("id" integer NOT NULL PRIMARY KEY AUTOINCREMENT, "user_id" integer NOT NULL REFERENCES "auth_user" ("id") DEFERRABLE INITIALLY DEFERRED, "permission_id" integer NOT NULL REFERENCES "auth_permission" ("id") DEFERRABLE INITIALLY DEFERRED);
INSERT INTO auth_user_user_permissions VALUES(1,2,64);
INSERT INTO auth_user_user_permissions VALUES(2,2,32);
INSERT INTO auth_user_user_permissions VALUES(3,2,4);
INSERT INTO auth_user_user_permissions VALUES(4,2,36);
INSERT INTO auth_user_user_permissions VALUES(5,2,8);
INSERT INTO auth_user_user_permissions VALUES(6,2,40);
INSERT INTO auth_user_user_permissions VALUES(7,2,12);
INSERT INTO auth_user_user_permissions VALUES(8,2,16);
INSERT INTO auth_user_user_permissions VALUES(9,2,20);
INSERT INTO auth_user_user_permissions VALUES(10,2,28);
INSERT INTO auth_user_user_permissions VALUES(11,1,72);
INSERT INTO auth_user_user_permissions VALUES(12,1,68);
INSERT INTO auth_user_user_permissions VALUES(13,1,40);
INSERT INTO auth_user_user_permissions VALUES(14,1,36);
INSERT INTO auth_user_user_permissions VALUES(15,2,68);
INSERT INTO auth_user_user_permissions VALUES(16,2,72);
INSERT INTO auth_user_user_permissions VALUES(17,2,44);
INSERT INTO auth_user_user_permissions VALUES(18,2,48);
INSERT INTO auth_user_user_permissions VALUES(19,2,52);
INSERT INTO auth_user_user_permissions VALUES(20,2,56);
INSERT INTO auth_user_user_permissions VALUES(21,2,24);
INSERT INTO auth_user_user_permissions VALUES(22,2,60);
CREATE TABLE IF NOT EXISTS "django_admin_log" ("id" integer NOT NULL PRIMARY KEY AUTOINCREMENT, "object_id" text NULL, "object_repr" varchar(200) NOT NULL, "action_flag" smallint unsigned NOT NULL CHECK ("action_flag" >= 0), "change_message" text NOT NULL, "content_type_id" integer NULL REFERENCES "django_content_type" ("id") DEFERRABLE INITIALLY DEFERRED, "user_id" integer NOT NULL REFERENCES "auth_user" ("id") DEFERRABLE INITIALLY DEFERRED, "action_time" datetime NOT NULL);
INSERT INTO django_admin_log VALUES(1,'1','Ahri',1,'[{"added": {}}]',16,1,'2025-12-01 00:02:40.330052');
INSERT INTO django_admin_log VALUES(2,'1','lose',1,'[{"added": {}}]',14,1,'2025-12-01 00:02:57.439983');
INSERT INTO django_admin_log VALUES(3,'1','Emagrecimento (Mês 1)',1,'[{"added": {}}]',15,1,'2025-12-01 00:03:14.586308');
INSERT INTO django_admin_log VALUES(4,'1','Café da manhã',1,'[{"added": {}}]',11,1,'2025-12-01 00:03:30.313295');
INSERT INTO django_admin_log VALUES(5,'2','Almoço',1,'[{"added": {}}]',11,1,'2025-12-01 00:03:37.690187');
INSERT INTO django_admin_log VALUES(6,'3','Lanche da tarde',1,'[{"added": {}}]',11,1,'2025-12-01 00:03:45.942331');
INSERT INTO django_admin_log VALUES(7,'4','Docinho pós-almoço',1,'[{"added": {}}]',11,1,'2025-12-01 00:03:54.241959');
INSERT INTO django_admin_log VALUES(8,'5','Jantar',1,'[{"added": {}}]',11,1,'2025-12-01 00:04:00.617886');
INSERT INTO django_admin_log VALUES(9,'6','Ceia',1,'[{"added": {}}]',11,1,'2025-12-01 00:04:06.374527');
INSERT INTO django_admin_log VALUES(10,'1','Plano Emagrecimento (Mês 1) - Café da manhã',1,'[{"added": {}}]',12,1,'2025-12-01 00:04:16.075351');
INSERT INTO django_admin_log VALUES(11,'2','Plano Emagrecimento (Mês 1) - Almoço',1,'[{"added": {}}]',12,1,'2025-12-01 00:04:20.890088');
INSERT INTO django_admin_log VALUES(12,'3','Plano Emagrecimento (Mês 1) - Lanche da tarde',1,'[{"added": {}}]',12,1,'2025-12-01 00:04:25.171109');
INSERT INTO django_admin_log VALUES(13,'4','Plano Emagrecimento (Mês 1) - Docinho pós-almoço',1,'[{"added": {}}]',12,1,'2025-12-01 00:04:29.583773');
INSERT INTO django_admin_log VALUES(14,'5','Plano Emagrecimento (Mês 1) - Jantar',1,'[{"added": {}}]',12,1,'2025-12-01 00:04:35.440028');
INSERT INTO django_admin_log VALUES(15,'6','Plano Emagrecimento (Mês 1) - Ceia',1,'[{"added": {}}]',12,1,'2025-12-01 00:04:40.053543');
INSERT INTO django_admin_log VALUES(16,'1','Pão de mel — Belive',1,'[{"added": {}}]',8,1,'2025-12-01 00:06:14.955767');
INSERT INTO django_admin_log VALUES(17,'1','Plano Emagrecimento (Mês 1) - Lanche da tarde',1,'[{"added": {}}]',13,1,'2025-12-01 00:07:06.174739');
INSERT INTO django_admin_log VALUES(18,'1','Pão de mel - Belive',1,'[{"added": {}}]',9,1,'2025-12-01 00:07:33.617498');
INSERT INTO django_admin_log VALUES(19,'1','LoggedMeal object (1)',1,'[{"added": {}}]',10,1,'2025-12-01 00:07:44.686085');
INSERT INTO django_admin_log VALUES(20,'2','YoPro Bebida Láctea Morango — Danone',1,'[{"added": {}}]',8,1,'2025-12-01 00:11:52.383041');
INSERT INTO django_admin_log VALUES(21,'3','Arroz branco cozido — None',1,'[{"added": {}}]',8,1,'2025-12-01 00:13:37.219731');
INSERT INTO django_admin_log VALUES(22,'4','Peito de frango grelhado sem pele — None',1,'[{"added": {}}]',8,1,'2025-12-01 00:14:02.394099');
INSERT INTO django_admin_log VALUES(23,'5','Feijão preto cozido — None',1,'[{"added": {}}]',8,1,'2025-12-01 00:14:34.854626');
INSERT INTO django_admin_log VALUES(24,'6','Queijo minas frescal — None',1,'[{"added": {}}]',8,1,'2025-12-01 00:15:05.716940');
INSERT INTO django_admin_log VALUES(25,'7','Barra de chocolate branco com avelã — Ferrero Rocher',1,'[{"added": {}}]',8,1,'2025-12-01 00:15:50.283734');
INSERT INTO django_admin_log VALUES(26,'1','Plano Emagrecimento (Mês 1) - Ceia',2,'[{"changed": {"fields": ["Meal type nutritional plan"]}}]',13,1,'2025-12-01 00:16:07.183962');
INSERT INTO django_admin_log VALUES(27,'2','Plano Emagrecimento (Mês 1) - Café da manhã',1,'[{"added": {}}]',13,1,'2025-12-01 00:16:24.088614');
INSERT INTO django_admin_log VALUES(28,'3','Plano Emagrecimento (Mês 1) - Café da manhã',1,'[{"added": {}}]',13,1,'2025-12-01 00:16:32.971566');
INSERT INTO django_admin_log VALUES(29,'4','Plano Emagrecimento (Mês 1) - Almoço',1,'[{"added": {}}]',13,1,'2025-12-01 00:16:43.694518');
INSERT INTO django_admin_log VALUES(30,'5','Plano Emagrecimento (Mês 1) - Almoço',1,'[{"added": {}}]',13,1,'2025-12-01 00:16:51.609112');
INSERT INTO django_admin_log VALUES(31,'6','Plano Emagrecimento (Mês 1) - Almoço',1,'[{"added": {}}]',13,1,'2025-12-01 00:16:58.928549');
INSERT INTO django_admin_log VALUES(32,'3','Plano Emagrecimento (Mês 1) - Lanche da tarde',2,'[{"changed": {"fields": ["Meal type nutritional plan"]}}]',13,1,'2025-12-01 00:17:15.349943');
INSERT INTO django_admin_log VALUES(33,'8','Pão de forma cenoura com chia sem glúten — Équilibre',1,'[{"added": {}}]',8,1,'2025-12-01 00:18:25.478581');
INSERT INTO django_admin_log VALUES(34,'7','Plano Emagrecimento (Mês 1) - Café da manhã',1,'[{"added": {}}]',13,1,'2025-12-01 00:18:41.912985');
INSERT INTO django_admin_log VALUES(35,'9','Macarrão espaguete sem glúten — Urbano',1,'[{"added": {}}]',8,1,'2025-12-01 00:20:00.082663');
INSERT INTO django_admin_log VALUES(36,'10','Carne bovina patinho sem gordura grelhada — None',1,'[{"added": {}}]',8,1,'2025-12-01 00:20:45.273184');
INSERT INTO django_admin_log VALUES(37,'11','Molho de tomate tradicional (sachê) — Pomarola',1,'[{"added": {}}]',8,1,'2025-12-01 00:22:32.631819');
INSERT INTO django_admin_log VALUES(38,'8','Plano Emagrecimento (Mês 1) - Jantar',1,'[{"added": {}}]',13,1,'2025-12-01 00:22:44.409963');
INSERT INTO django_admin_log VALUES(39,'9','Plano Emagrecimento (Mês 1) - Jantar',1,'[{"added": {}}]',13,1,'2025-12-01 00:22:54.508429');
INSERT INTO django_admin_log VALUES(40,'10','Plano Emagrecimento (Mês 1) - Jantar',1,'[{"added": {}}]',13,1,'2025-12-01 00:23:03.435081');
INSERT INTO django_admin_log VALUES(41,'12','Banana — None',1,'[{"added": {}}]',8,1,'2025-12-01 00:23:47.538072');
INSERT INTO django_admin_log VALUES(42,'11','Plano Emagrecimento (Mês 1) - Lanche da tarde',1,'[{"added": {}}]',13,1,'2025-12-01 00:24:00.177924');
INSERT INTO django_admin_log VALUES(43,'2','Arroz branco cozido - None',1,'[{"added": {}}]',9,1,'2025-12-01 00:26:24.302108');
INSERT INTO django_admin_log VALUES(44,'3','Feijão preto cozido - None',1,'[{"added": {}}]',9,1,'2025-12-01 00:26:30.038407');
INSERT INTO django_admin_log VALUES(45,'4','Peito de frango grelhado sem pele - None',1,'[{"added": {}}]',9,1,'2025-12-01 00:26:38.243357');
INSERT INTO django_admin_log VALUES(46,'2','LoggedMeal object (2)',1,'[{"added": {}}]',10,1,'2025-12-01 00:26:48.181175');
INSERT INTO django_admin_log VALUES(47,'3','LoggedMeal object (3)',1,'[{"added": {}}]',10,1,'2025-12-01 00:26:57.753203');
INSERT INTO django_admin_log VALUES(48,'4','LoggedMeal object (4)',1,'[{"added": {}}]',10,1,'2025-12-01 00:27:05.160198');
INSERT INTO django_admin_log VALUES(49,'2','Ahri',1,'[{"added": {}}]',16,1,'2025-12-01 00:37:37.358734');
INSERT INTO django_admin_log VALUES(50,'2','Ahri',3,'',16,1,'2025-12-01 00:37:51.512981');
INSERT INTO django_admin_log VALUES(51,'3','Emma',1,'[{"added": {}}]',16,1,'2025-12-01 00:38:31.054790');
INSERT INTO django_admin_log VALUES(52,'3','Emma',3,'',16,1,'2025-12-01 00:39:19.313933');
INSERT INTO django_admin_log VALUES(53,'2','pessoa',1,'[{"added": {}}]',4,1,'2025-12-01 00:40:12.256452');
INSERT INTO django_admin_log VALUES(54,'2','pessoa',2,'[{"changed": {"fields": ["First name", "Last name", "User permissions"]}}]',4,1,'2025-12-01 00:40:34.004769');
INSERT INTO django_admin_log VALUES(55,'2','pessoa',2,'[{"changed": {"fields": ["password"]}}]',4,1,'2025-12-01 00:41:11.744149');
INSERT INTO django_admin_log VALUES(56,'2','pessoa',2,'[{"changed": {"fields": ["Staff status"]}}]',4,1,'2025-12-01 00:42:43.793320');
INSERT INTO django_admin_log VALUES(57,'4','Emma',1,'[{"added": {}}]',16,1,'2025-12-01 00:47:51.796143');
INSERT INTO django_admin_log VALUES(58,'1','Ahri',2,'[{"changed": {"fields": ["Physical activity level"]}}]',16,1,'2025-12-01 00:48:31.458157');
INSERT INTO django_admin_log VALUES(59,'13','Pense Zero - Iogurte Grego Tradicional — Batavo',1,'[{"added": {}}]',8,1,'2025-12-01 00:51:23.739355');
INSERT INTO django_admin_log VALUES(60,'12','Banana',2,'[{"changed": {"fields": ["Measure unit"]}}]',8,1,'2025-12-01 00:51:53.247021');
INSERT INTO django_admin_log VALUES(61,'13','Pense Zero - Iogurte Grego Tradicional — Batavo',3,'',8,1,'2025-12-01 00:53:27.806127');
INSERT INTO django_admin_log VALUES(62,'14','Pense Zero - Iogurte Grego Tradicional — Batavo',1,'[{"added": {}}]',8,1,'2025-12-01 00:53:56.390111');
INSERT INTO django_admin_log VALUES(63,'2','pessoa',2,'[{"changed": {"fields": ["User permissions"]}}]',4,1,'2025-12-01 00:54:33.849174');
INSERT INTO django_admin_log VALUES(64,'2','pessoa',2,'[{"changed": {"fields": ["User permissions"]}}]',4,1,'2025-12-01 00:58:01.010967');
INSERT INTO django_admin_log VALUES(65,'1','admin',2,'[{"changed": {"fields": ["User permissions"]}}]',4,1,'2025-12-01 00:58:13.759089');
INSERT INTO django_admin_log VALUES(66,'1','admin',2,'[{"changed": {"fields": ["User permissions"]}}]',4,1,'2025-12-01 00:58:34.346578');
INSERT INTO django_admin_log VALUES(67,'2','pessoa',2,'[{"changed": {"fields": ["User permissions"]}}]',4,1,'2025-12-01 00:59:13.035806');
INSERT INTO django_admin_log VALUES(68,'4','Peito de frango grelhado sem pele',2,'[{"changed": {"fields": ["Weight"]}}]',9,1,'2025-12-01 00:59:24.759461');
INSERT INTO django_admin_log VALUES(69,'3','Feijão preto cozido',2,'[{"changed": {"fields": ["Weight"]}}]',9,1,'2025-12-01 00:59:30.334563');
INSERT INTO django_admin_log VALUES(70,'2','Arroz branco cozido',2,'[{"changed": {"fields": ["Weight"]}}]',9,1,'2025-12-01 00:59:35.898977');
INSERT INTO django_admin_log VALUES(71,'5','Barra de chocolate branco com avelã — Ferrero Rocher',1,'[{"added": {}}]',9,1,'2025-12-01 00:59:55.469253');
CREATE TABLE IF NOT EXISTS "django_content_type" ("id" integer NOT NULL PRIMARY KEY AUTOINCREMENT, "app_label" varchar(100) NOT NULL, "model" varchar(100) NOT NULL);
INSERT INTO django_content_type VALUES(1,'admin','logentry');
INSERT INTO django_content_type VALUES(2,'auth','permission');
INSERT INTO django_content_type VALUES(3,'auth','group');
INSERT INTO django_content_type VALUES(4,'auth','user');
INSERT INTO django_content_type VALUES(5,'contenttypes','contenttype');
INSERT INTO django_content_type VALUES(6,'sessions','session');
INSERT INTO django_content_type VALUES(7,'food_preference','foodpreference');
INSERT INTO django_content_type VALUES(8,'food_type','foodtype');
INSERT INTO django_content_type VALUES(9,'logged_food','loggedfood');
INSERT INTO django_content_type VALUES(10,'logged_meal','loggedmeal');
INSERT INTO django_content_type VALUES(11,'meal_type','mealtype');
INSERT INTO django_content_type VALUES(12,'meal_type_nutritional_plan','mealtypenutritionalplan');
INSERT INTO django_content_type VALUES(13,'model_meal_type_component','modelmealtypecomponent');
INSERT INTO django_content_type VALUES(14,'nutritional_goal','nutritionalgoal');
INSERT INTO django_content_type VALUES(15,'nutritional_plan','nutritionalplan');
INSERT INTO django_content_type VALUES(16,'patient','patient');
INSERT INTO django_content_type VALUES(17,'planned_food','plannedfood');
INSERT INTO django_content_type VALUES(18,'planned_meal','plannedmeal');
CREATE TABLE IF NOT EXISTS "auth_permission" ("id" integer NOT NULL PRIMARY KEY AUTOINCREMENT, "content_type_id" integer NOT NULL REFERENCES "django_content_type" ("id") DEFERRABLE INITIALLY DEFERRED, "codename" varchar(100) NOT NULL, "name" varchar(255) NOT NULL);
INSERT INTO auth_permission VALUES(1,1,'add_logentry','Can add log entry');
INSERT INTO auth_permission VALUES(2,1,'change_logentry','Can change log entry');
INSERT INTO auth_permission VALUES(3,1,'delete_logentry','Can delete log entry');
INSERT INTO auth_permission VALUES(4,1,'view_logentry','Can view log entry');
INSERT INTO auth_permission VALUES(5,2,'add_permission','Can add permission');
INSERT INTO auth_permission VALUES(6,2,'change_permission','Can change permission');
INSERT INTO auth_permission VALUES(7,2,'delete_permission','Can delete permission');
INSERT INTO auth_permission VALUES(8,2,'view_permission','Can view permission');
INSERT INTO auth_permission VALUES(9,3,'add_group','Can add group');
INSERT INTO auth_permission VALUES(10,3,'change_group','Can change group');
INSERT INTO auth_permission VALUES(11,3,'delete_group','Can delete group');
INSERT INTO auth_permission VALUES(12,3,'view_group','Can view group');
INSERT INTO auth_permission VALUES(13,4,'add_user','Can add user');
INSERT INTO auth_permission VALUES(14,4,'change_user','Can change user');
INSERT INTO auth_permission VALUES(15,4,'delete_user','Can delete user');
INSERT INTO auth_permission VALUES(16,4,'view_user','Can view user');
INSERT INTO auth_permission VALUES(17,5,'add_contenttype','Can add content type');
INSERT INTO auth_permission VALUES(18,5,'change_contenttype','Can change content type');
INSERT INTO auth_permission VALUES(19,5,'delete_contenttype','Can delete content type');
INSERT INTO auth_permission VALUES(20,5,'view_contenttype','Can view content type');
INSERT INTO auth_permission VALUES(21,6,'add_session','Can add session');
INSERT INTO auth_permission VALUES(22,6,'change_session','Can change session');
INSERT INTO auth_permission VALUES(23,6,'delete_session','Can delete session');
INSERT INTO auth_permission VALUES(24,6,'view_session','Can view session');
INSERT INTO auth_permission VALUES(25,7,'add_foodpreference','Can add food preference');
INSERT INTO auth_permission VALUES(26,7,'change_foodpreference','Can change food preference');
INSERT INTO auth_permission VALUES(27,7,'delete_foodpreference','Can delete food preference');
INSERT INTO auth_permission VALUES(28,7,'view_foodpreference','Can view food preference');
INSERT INTO auth_permission VALUES(29,8,'add_foodtype','Can add food type');
INSERT INTO auth_permission VALUES(30,8,'change_foodtype','Can change food type');
INSERT INTO auth_permission VALUES(31,8,'delete_foodtype','Can delete food type');
INSERT INTO auth_permission VALUES(32,8,'view_foodtype','Can view food type');
INSERT INTO auth_permission VALUES(33,9,'add_loggedfood','Can add logged food');
INSERT INTO auth_permission VALUES(34,9,'change_loggedfood','Can change logged food');
INSERT INTO auth_permission VALUES(35,9,'delete_loggedfood','Can delete logged food');
INSERT INTO auth_permission VALUES(36,9,'view_loggedfood','Can view logged food');
INSERT INTO auth_permission VALUES(37,10,'add_loggedmeal','Can add logged meal');
INSERT INTO auth_permission VALUES(38,10,'change_loggedmeal','Can change logged meal');
INSERT INTO auth_permission VALUES(39,10,'delete_loggedmeal','Can delete logged meal');
INSERT INTO auth_permission VALUES(40,10,'view_loggedmeal','Can view logged meal');
INSERT INTO auth_permission VALUES(41,11,'add_mealtype','Can add meal type');
INSERT INTO auth_permission VALUES(42,11,'change_mealtype','Can change meal type');
INSERT INTO auth_permission VALUES(43,11,'delete_mealtype','Can delete meal type');
INSERT INTO auth_permission VALUES(44,11,'view_mealtype','Can view meal type');
INSERT INTO auth_permission VALUES(45,12,'add_mealtypenutritionalplan','Can add meal type nutritional plan');
INSERT INTO auth_permission VALUES(46,12,'change_mealtypenutritionalplan','Can change meal type nutritional plan');
INSERT INTO auth_permission VALUES(47,12,'delete_mealtypenutritionalplan','Can delete meal type nutritional plan');
INSERT INTO auth_permission VALUES(48,12,'view_mealtypenutritionalplan','Can view meal type nutritional plan');
INSERT INTO auth_permission VALUES(49,13,'add_modelmealtypecomponent','Can add model meal type component');
INSERT INTO auth_permission VALUES(50,13,'change_modelmealtypecomponent','Can change model meal type component');
INSERT INTO auth_permission VALUES(51,13,'delete_modelmealtypecomponent','Can delete model meal type component');
INSERT INTO auth_permission VALUES(52,13,'view_modelmealtypecomponent','Can view model meal type component');
INSERT INTO auth_permission VALUES(53,14,'add_nutritionalgoal','Can add nutritional goal');
INSERT INTO auth_permission VALUES(54,14,'change_nutritionalgoal','Can change nutritional goal');
INSERT INTO auth_permission VALUES(55,14,'delete_nutritionalgoal','Can delete nutritional goal');
INSERT INTO auth_permission VALUES(56,14,'view_nutritionalgoal','Can view nutritional goal');
INSERT INTO auth_permission VALUES(57,15,'add_nutritionalplan','Can add nutritional plan');
INSERT INTO auth_permission VALUES(58,15,'change_nutritionalplan','Can change nutritional plan');
INSERT INTO auth_permission VALUES(59,15,'delete_nutritionalplan','Can delete nutritional plan');
INSERT INTO auth_permission VALUES(60,15,'view_nutritionalplan','Can view nutritional plan');
INSERT INTO auth_permission VALUES(61,16,'add_patient','Can add patient');
INSERT INTO auth_permission VALUES(62,16,'change_patient','Can change patient');
INSERT INTO auth_permission VALUES(63,16,'delete_patient','Can delete patient');
INSERT INTO auth_permission VALUES(64,16,'view_patient','Can view patient');
INSERT INTO auth_permission VALUES(65,17,'add_plannedfood','Can add planned food');
INSERT INTO auth_permission VALUES(66,17,'change_plannedfood','Can change planned food');
INSERT INTO auth_permission VALUES(67,17,'delete_plannedfood','Can delete planned food');
INSERT INTO auth_permission VALUES(68,17,'view_plannedfood','Can view planned food');
INSERT INTO auth_permission VALUES(69,18,'add_plannedmeal','Can add planned meal');
INSERT INTO auth_permission VALUES(70,18,'change_plannedmeal','Can change planned meal');
INSERT INTO auth_permission VALUES(71,18,'delete_plannedmeal','Can delete planned meal');
INSERT INTO auth_permission VALUES(72,18,'view_plannedmeal','Can view planned meal');
CREATE TABLE IF NOT EXISTS "auth_group" ("id" integer NOT NULL PRIMARY KEY AUTOINCREMENT, "name" varchar(150) NOT NULL UNIQUE);
CREATE TABLE IF NOT EXISTS "auth_user" ("id" integer NOT NULL PRIMARY KEY AUTOINCREMENT, "password" varchar(128) NOT NULL, "last_login" datetime NULL, "is_superuser" bool NOT NULL, "username" varchar(150) NOT NULL UNIQUE, "last_name" varchar(150) NOT NULL, "email" varchar(254) NOT NULL, "is_staff" bool NOT NULL, "is_active" bool NOT NULL, "date_joined" datetime NOT NULL, "first_name" varchar(150) NOT NULL);
INSERT INTO auth_user VALUES(1,'pbkdf2_sha256$1000000$eZbC2oN1egLuHcnlb5ifBO$DzvALZ97IvC7P++a+NVu8bGhc8Vl1zcg/DoEJKz03w4=','2025-12-01 01:08:05.423857',1,'admin','','',1,1,'2025-12-01 00:02:19','');
INSERT INTO auth_user VALUES(2,'pbkdf2_sha256$1000000$t7CyEeKY5zJ2r2jgOh2dwn$YOKqaGNMG2dgGDrmzNRGCqkpsifApvTmb0XJ5mjqiU4=','2025-12-01 01:08:14.337608',0,'pessoa','Meireles','',1,1,'2025-12-01 00:40:12','Cecilia');
CREATE TABLE IF NOT EXISTS "patient_patient" ("id" integer NOT NULL PRIMARY KEY AUTOINCREMENT, "name" varchar(50) NOT NULL, "height" integer NOT NULL, "weight" real NOT NULL, "biological_sex" varchar NOT NULL, "physical_activity_level" real NOT NULL, "basal_metabolic_rate" real NULL);
INSERT INTO patient_patient VALUES(1,'Ahri',160,80.0,'F',1.199999999999999956,NULL);
INSERT INTO patient_patient VALUES(4,'Emma',155,50.0,'F',1.550000000000000044,NULL);
CREATE TABLE IF NOT EXISTS "logged_food_loggedfood" ("id" integer NOT NULL PRIMARY KEY AUTOINCREMENT, "weight" integer NOT NULL, "kcal" real NULL, "total_carbs" real NULL, "protein" real NULL, "total_fat" real NULL, "food_name" varchar NULL, "logged_at" datetime NOT NULL, "food_type_id" bigint NOT NULL REFERENCES "food_type_foodtype" ("id") DEFERRABLE INITIALLY DEFERRED);
INSERT INTO logged_food_loggedfood VALUES(1,45,162.0,16.0,6.0,10.0,'Pão de mel - Belive','2025-12-01 00:07:33.615807',1);
INSERT INTO logged_food_loggedfood VALUES(2,80,102.4000000000000056,22.5,2.0,0.2000000000000000111,'Arroz branco cozido','2025-12-01 00:26:24.299958',3);
INSERT INTO logged_food_loggedfood VALUES(3,70,53.89999999999999858,9.80000000000000072,3.100000000000000088,0.4000000000000000222,'Feijão preto cozido','2025-12-01 00:26:30.035792',5);
INSERT INTO logged_food_loggedfood VALUES(4,90,143.0999999999999944,0.0,28.80000000000000071,2.200000000000000178,'Peito de frango grelhado sem pele','2025-12-01 00:26:38.241574',4);
INSERT INTO logged_food_loggedfood VALUES(5,25,143.0,13.0,2.0,9.0,'Barra de chocolate branco com avelã — Ferrero Rocher','2025-12-01 00:59:55.467635',7);
CREATE TABLE IF NOT EXISTS "model_meal_type_component_modelmealtypecomponent" ("id" integer NOT NULL PRIMARY KEY AUTOINCREMENT, "weight" real NOT NULL, "meal_calorie_budget" real NULL, "food_type_id_id" bigint NOT NULL REFERENCES "food_type_foodtype" ("id") DEFERRABLE INITIALLY DEFERRED, "meal_type_nutritional_plan_id" bigint NOT NULL REFERENCES "meal_type_nutritional_plan_mealtypenutritionalplan" ("id") DEFERRABLE INITIALLY DEFERRED);
INSERT INTO model_meal_type_component_modelmealtypecomponent VALUES(1,45.0,NULL,1,6);
INSERT INTO model_meal_type_component_modelmealtypecomponent VALUES(2,50.0,NULL,6,1);
INSERT INTO model_meal_type_component_modelmealtypecomponent VALUES(3,250.0,NULL,2,3);
INSERT INTO model_meal_type_component_modelmealtypecomponent VALUES(4,100.0,NULL,3,2);
INSERT INTO model_meal_type_component_modelmealtypecomponent VALUES(5,100.0,NULL,5,2);
INSERT INTO model_meal_type_component_modelmealtypecomponent VALUES(6,100.0,NULL,4,2);
INSERT INTO model_meal_type_component_modelmealtypecomponent VALUES(7,50.0,NULL,8,1);
INSERT INTO model_meal_type_component_modelmealtypecomponent VALUES(8,80.0,NULL,9,5);
INSERT INTO model_meal_type_component_modelmealtypecomponent VALUES(9,80.0,NULL,10,5);
INSERT INTO model_meal_type_component_modelmealtypecomponent VALUES(10,100.0,NULL,11,5);
INSERT INTO model_meal_type_component_modelmealtypecomponent VALUES(11,60.0,NULL,12,3);
CREATE TABLE IF NOT EXISTS "logged_meal_loggedmeal" ("id" integer NOT NULL PRIMARY KEY AUTOINCREMENT, "logged_at" datetime NOT NULL, "logged_food_id" bigint NOT NULL REFERENCES "logged_food_loggedfood" ("id") DEFERRABLE INITIALLY DEFERRED, "meal_type_id" bigint NOT NULL REFERENCES "meal_type_mealtype" ("id") DEFERRABLE INITIALLY DEFERRED, "model_meal_type_component_id" bigint NULL REFERENCES "model_meal_type_component_modelmealtypecomponent" ("id") DEFERRABLE INITIALLY DEFERRED);
INSERT INTO logged_meal_loggedmeal VALUES(1,'2025-12-01 00:07:44.684254',1,3,1);
INSERT INTO logged_meal_loggedmeal VALUES(2,'2025-12-01 00:26:48.179527',2,2,4);
INSERT INTO logged_meal_loggedmeal VALUES(3,'2025-12-01 00:26:57.751799',3,2,4);
INSERT INTO logged_meal_loggedmeal VALUES(4,'2025-12-01 00:27:05.159081',4,2,4);
CREATE TABLE IF NOT EXISTS "nutritional_goal_nutritionalgoal" ("id" integer NOT NULL PRIMARY KEY AUTOINCREMENT, "calorie_budget" integer NOT NULL, "protein_percentage" real NOT NULL, "carbs_percentage" real NOT NULL, "fat_percentage" real NOT NULL, "weight_goal" real NOT NULL, "goal" varchar NOT NULL, "progress_speed" integer NOT NULL, "user_id" bigint NOT NULL REFERENCES "patient_patient" ("id") DEFERRABLE INITIALLY DEFERRED);
INSERT INTO nutritional_goal_nutritionalgoal VALUES(1,1400,30.0,50.0,20.0,60.0,'lose',0,1);
CREATE TABLE IF NOT EXISTS "nutritional_plan_nutritionalplan" ("name" varchar(30) NOT NULL, "nutritional_goal_id" bigint NOT NULL PRIMARY KEY REFERENCES "nutritional_goal_nutritionalgoal" ("id") DEFERRABLE INITIALLY DEFERRED);
INSERT INTO nutritional_plan_nutritionalplan VALUES('Emagrecimento (Mês 1)',1);
CREATE TABLE IF NOT EXISTS "meal_type_mealtype" ("id" integer NOT NULL PRIMARY KEY AUTOINCREMENT, "name" varchar(200) NOT NULL, "allows_snack" bool NOT NULL, "contains_rich_in_carb" bool NOT NULL, "contains_rich_in_prot" bool NOT NULL, "contains_rich_in_fat" bool NOT NULL, "contains_rich_in_fiber" bool NOT NULL, "is_dessert" bool NOT NULL);
INSERT INTO meal_type_mealtype VALUES(1,'Café da manhã',0,1,1,0,1,0);
INSERT INTO meal_type_mealtype VALUES(2,'Almoço',0,1,1,0,1,0);
INSERT INTO meal_type_mealtype VALUES(3,'Lanche da tarde',1,1,1,0,1,0);
INSERT INTO meal_type_mealtype VALUES(4,'Docinho pós-almoço',1,0,0,0,0,1);
INSERT INTO meal_type_mealtype VALUES(5,'Jantar',0,1,1,0,0,0);
INSERT INTO meal_type_mealtype VALUES(6,'Ceia',1,0,0,0,0,0);
CREATE TABLE IF NOT EXISTS "meal_type_nutritional_plan_mealtypenutritionalplan" ("id" integer NOT NULL PRIMARY KEY AUTOINCREMENT, "meal_type_id" bigint NOT NULL REFERENCES "meal_type_mealtype" ("id") DEFERRABLE INITIALLY DEFERRED, "nutritional_plan_id" bigint NOT NULL REFERENCES "nutritional_plan_nutritionalplan" ("nutritional_goal_id") DEFERRABLE INITIALLY DEFERRED);
INSERT INTO meal_type_nutritional_plan_mealtypenutritionalplan VALUES(1,1,1);
INSERT INTO meal_type_nutritional_plan_mealtypenutritionalplan VALUES(2,2,1);
INSERT INTO meal_type_nutritional_plan_mealtypenutritionalplan VALUES(3,3,1);
INSERT INTO meal_type_nutritional_plan_mealtypenutritionalplan VALUES(4,4,1);
INSERT INTO meal_type_nutritional_plan_mealtypenutritionalplan VALUES(5,5,1);
INSERT INTO meal_type_nutritional_plan_mealtypenutritionalplan VALUES(6,6,1);
CREATE TABLE IF NOT EXISTS "planned_meal_plannedmeal" ("id" integer NOT NULL PRIMARY KEY AUTOINCREMENT, "weight" integer NOT NULL, "food_type_id" bigint NOT NULL REFERENCES "food_type_foodtype" ("id") DEFERRABLE INITIALLY DEFERRED, "nutritional_plan_id" bigint NOT NULL REFERENCES "nutritional_plan_nutritionalplan" ("nutritional_goal_id") DEFERRABLE INITIALLY DEFERRED);
CREATE TABLE IF NOT EXISTS "planned_food_plannedfood" ("id" integer NOT NULL PRIMARY KEY AUTOINCREMENT, "food_type_id" bigint NOT NULL REFERENCES "food_type_foodtype" ("id") DEFERRABLE INITIALLY DEFERRED, "nutritional_plan_id" bigint NOT NULL REFERENCES "nutritional_plan_nutritionalplan" ("nutritional_goal_id") DEFERRABLE INITIALLY DEFERRED, "planned_meal_id" bigint NOT NULL REFERENCES "planned_meal_plannedmeal" ("id") DEFERRABLE INITIALLY DEFERRED);
CREATE TABLE IF NOT EXISTS "django_session" ("session_key" varchar(40) NOT NULL PRIMARY KEY, "session_data" text NOT NULL, "expire_date" datetime NOT NULL);
INSERT INTO django_session VALUES('w21je0jcuibyi3ka6j3vnzgndcsl2db0','.eJxVjEsOAiEQBe_C2hA-Ao1L956BdEMrowaSYWZlvLtOMgvdvqp6L5FwXWpaB89pKuIkjDj8boT5wW0D5Y7t1mXubZknkpsidzrkpRd-nnf376DiqN_a-2DoCMgInsk5yhGCAxU1o9FsDYYYqGilr5GyccDsgSJGtg6sYvH-ANzZN7s:1vPsOk:IDdHYnjv1I0D3WLM1ouR1zbKSNRUsAfUSuPcEjY6txM','2025-12-15 01:08:14.338706');
CREATE TABLE IF NOT EXISTS "food_type_foodtype" ("id" integer NOT NULL PRIMARY KEY AUTOINCREMENT, "description" varchar(100) NOT NULL, "brand_name" varchar(100) NULL, "portion_size" integer NOT NULL, "measure_unit" varchar NOT NULL, "snack" bool NOT NULL, "kcal" real NOT NULL, "total_carbs" real NOT NULL, "protein" real NOT NULL, "total_fat" real NOT NULL, "kcal_per_un" real NULL, "total_carbs_per_un" real NULL, "total_fat_per_un" real NULL, "protein_per_un" real NULL, "rich_in" text NULL CHECK ((JSON_VALID("rich_in") OR "rich_in" IS NULL)), "saturated_fat" real NULL, "polyunsaturated_fat" real NULL, "monounsaturated_fat" real NULL, "trans_fat" real NULL, "cholesterol" real NULL, "sodium" real NULL, "potassium" real NULL, "fiber" real NULL, "sugar" real NULL, "added_sugar" real NULL, "vitamin_a" real NULL, "vitamin_c" real NULL, "vitamin_d" real NULL, "iron" real NULL, "calcium" real NULL, "container_total_weight" integer NULL);
INSERT INTO food_type_foodtype VALUES(1,'Pão de mel','Belive',45,'g',1,162.0,16.0,6.0,10.0,3.600000000000000088,0.3555555555555555692,0.2222222222222222376,0.1333333333333333314,'[{"macro": "carb", "percentage": 0.35555555555555557, "rich": true}, {"macro": "fat", "percentage": 0.2222222222222222, "rich": true}]',NULL,NULL,NULL,NULL,NULL,NULL,NULL,0.0,NULL,NULL,NULL,NULL,NULL,NULL,NULL,45);
INSERT INTO food_type_foodtype VALUES(2,'YoPro Bebida Láctea Morango','Danone',250,'mL',1,152.0,17.0,15.0,2.5,0.607999999999999985,0.06800000000000000488,0.0100000000000000002,0.05999999999999999778,'[]',NULL,NULL,NULL,NULL,NULL,NULL,NULL,NULL,NULL,NULL,NULL,NULL,NULL,NULL,NULL,250);
INSERT INTO food_type_foodtype VALUES(3,'Arroz branco cozido',NULL,100,'g',0,128.0,28.10000000000000142,2.5,0.2000000000000000111,1.280000000000000026,0.2810000000000000276,0.002000000000000000041,0.02500000000000000138,'[{"macro": "carb", "percentage": 0.281, "rich": true}]',NULL,NULL,NULL,NULL,NULL,NULL,NULL,NULL,NULL,NULL,NULL,NULL,NULL,NULL,NULL,NULL);
INSERT INTO food_type_foodtype VALUES(4,'Peito de frango grelhado sem pele',NULL,100,'g',0,159.0,0.0,32.0,2.5,1.590000000000000079,0.0,0.02500000000000000138,0.3200000000000000066,'[{"macro": "prot", "percentage": 0.32, "rich": true}]',NULL,NULL,NULL,NULL,NULL,NULL,NULL,NULL,NULL,NULL,NULL,NULL,NULL,NULL,NULL,NULL);
INSERT INTO food_type_foodtype VALUES(5,'Feijão preto cozido',NULL,100,'g',0,77.0,14.0,4.5,0.5,0.7700000000000000177,0.1400000000000000134,0.005000000000000000104,0.04499999999999999834,'[]',NULL,NULL,NULL,NULL,NULL,NULL,NULL,NULL,NULL,NULL,NULL,NULL,NULL,NULL,NULL,NULL);
INSERT INTO food_type_foodtype VALUES(6,'Queijo minas frescal',NULL,100,'g',0,264.0,3.200000000000000177,17.39999999999999857,20.19999999999999929,2.640000000000000124,0.03200000000000000066,0.2019999999999999851,0.1739999999999999881,'[{"macro": "fat", "percentage": 0.20199999999999999, "rich": true}]',NULL,NULL,NULL,NULL,NULL,NULL,NULL,NULL,NULL,NULL,NULL,NULL,NULL,NULL,NULL,NULL);
INSERT INTO food_type_foodtype VALUES(7,'Barra de chocolate branco com avelã','Ferrero Rocher',25,'g',1,143.0,13.0,2.0,9.0,5.719999999999999752,0.5200000000000000177,0.3599999999999999867,0.08000000000000000166,'[{"macro": "carb", "percentage": 0.52, "rich": true}, {"macro": "fat", "percentage": 0.36, "rich": true}]',NULL,NULL,NULL,NULL,NULL,NULL,NULL,NULL,NULL,NULL,NULL,NULL,NULL,NULL,NULL,90);
INSERT INTO food_type_foodtype VALUES(8,'Pão de forma cenoura com chia sem glúten','Équilibre',50,'g',0,114.0,22.0,0.9000000000000000222,3.0,2.280000000000000249,0.4400000000000000022,0.05999999999999999778,0.01800000000000000211,'[{"macro": "carb", "percentage": 0.44, "rich": true}]',NULL,NULL,NULL,NULL,NULL,NULL,NULL,NULL,NULL,NULL,NULL,NULL,NULL,NULL,NULL,350);
INSERT INTO food_type_foodtype VALUES(9,'Macarrão espaguete sem glúten','Urbano',80,'g',0,290.0,64.0,6.299999999999999823,0.8000000000000000444,3.625,0.8000000000000000444,0.01000000000000000195,0.07875000000000000055,'[{"macro": "carb", "percentage": 0.8, "rich": true}]',NULL,NULL,NULL,NULL,NULL,NULL,NULL,NULL,NULL,NULL,NULL,NULL,NULL,NULL,NULL,500);
INSERT INTO food_type_foodtype VALUES(10,'Carne bovina patinho sem gordura grelhada',NULL,100,'g',0,219.0,0.0,35.89999999999999858,7.299999999999999823,2.189999999999999947,0.0,0.07299999999999999545,0.3589999999999999858,'[{"macro": "prot", "percentage": 0.359, "rich": true}]',NULL,NULL,NULL,NULL,NULL,NULL,NULL,NULL,NULL,NULL,NULL,NULL,NULL,NULL,NULL,NULL);
INSERT INTO food_type_foodtype VALUES(11,'Molho de tomate tradicional (sachê)','Pomarola',60,'g',0,15.0,3.200000000000000177,0.5,0.0,0.25,0.05333333333333333676,0.0,0.008333333333333333217,'[]',NULL,NULL,NULL,NULL,NULL,NULL,NULL,NULL,NULL,NULL,NULL,NULL,NULL,NULL,NULL,300);
INSERT INTO food_type_foodtype VALUES(12,'Banana',NULL,100,'mL',0,98.0,26.0,1.300000000000000044,0.1000000000000000055,0.979999999999999983,0.2600000000000000088,0.00100000000000000002,0.01300000000000000113,'[{"macro": "carb", "percentage": 0.26, "rich": true}]',NULL,NULL,NULL,NULL,NULL,NULL,NULL,NULL,NULL,NULL,NULL,NULL,NULL,NULL,NULL,NULL);
INSERT INTO food_type_foodtype VALUES(14,'Pense Zero - Iogurte Grego Tradicional','Batavo',100,'g',0,61.0,5.900000000000000355,4.799999999999999823,2.0,0.6099999999999999867,0.05900000000000000383,0.02000000000000000041,0.04800000000000000099,'[]',NULL,NULL,NULL,NULL,NULL,NULL,NULL,NULL,NULL,NULL,NULL,NULL,NULL,NULL,NULL,100);
CREATE TABLE IF NOT EXISTS "food_preference_foodpreference" ("id" integer NOT NULL PRIMARY KEY AUTOINCREMENT, "hates" bool NOT NULL, "loves" bool NOT NULL, "user_id" bigint NOT NULL REFERENCES "patient_patient" ("id") DEFERRABLE INITIALLY DEFERRED, "food_type_id" bigint NOT NULL REFERENCES "food_type_foodtype" ("id") DEFERRABLE INITIALLY DEFERRED);
INSERT INTO sqlite_sequence VALUES('django_migrations',41);
INSERT INTO sqlite_sequence VALUES('django_admin_log',71);
INSERT INTO sqlite_sequence VALUES('django_content_type',18);
INSERT INTO sqlite_sequence VALUES('auth_permission',72);
INSERT INTO sqlite_sequence VALUES('auth_group',0);
INSERT INTO sqlite_sequence VALUES('auth_user',2);
INSERT INTO sqlite_sequence VALUES('logged_meal_loggedmeal',4);
INSERT INTO sqlite_sequence VALUES('meal_type_mealtype',6);
INSERT INTO sqlite_sequence VALUES('meal_type_nutritional_plan_mealtypenutritionalplan',6);
INSERT INTO sqlite_sequence VALUES('patient_patient',4);
INSERT INTO sqlite_sequence VALUES('nutritional_goal_nutritionalgoal',1);
INSERT INTO sqlite_sequence VALUES('model_meal_type_component_modelmealtypecomponent',11);
INSERT INTO sqlite_sequence VALUES('logged_food_loggedfood',5);
INSERT INTO sqlite_sequence VALUES('food_type_foodtype',14);
INSERT INTO sqlite_sequence VALUES('food_preference_foodpreference',0);
INSERT INTO sqlite_sequence VALUES('auth_user_user_permissions',22);
CREATE UNIQUE INDEX "auth_group_permissions_group_id_permission_id_0cd325b0_uniq" ON "auth_group_permissions" ("group_id", "permission_id");
CREATE INDEX "auth_group_permissions_group_id_b120cbf9" ON "auth_group_permissions" ("group_id");
CREATE INDEX "auth_group_permissions_permission_id_84c5c92e" ON "auth_group_permissions" ("permission_id");
CREATE UNIQUE INDEX "auth_user_groups_user_id_group_id_94350c0c_uniq" ON "auth_user_groups" ("user_id", "group_id");
CREATE INDEX "auth_user_groups_user_id_6a12ed8b" ON "auth_user_groups" ("user_id");
CREATE INDEX "auth_user_groups_group_id_97559544" ON "auth_user_groups" ("group_id");
CREATE UNIQUE INDEX "auth_user_user_permissions_user_id_permission_id_14a6b632_uniq" ON "auth_user_user_permissions" ("user_id", "permission_id");
CREATE INDEX "auth_user_user_permissions_user_id_a95ead1b" ON "auth_user_user_permissions" ("user_id");
CREATE INDEX "auth_user_user_permissions_permission_id_1fbb5f2c" ON "auth_user_user_permissions" ("permission_id");
CREATE INDEX "django_admin_log_content_type_id_c4bce8eb" ON "django_admin_log" ("content_type_id");
CREATE INDEX "django_admin_log_user_id_c564eba6" ON "django_admin_log" ("user_id");
CREATE UNIQUE INDEX "django_content_type_app_label_model_76bd3d3b_uniq" ON "django_content_type" ("app_label", "model");
CREATE UNIQUE INDEX "auth_permission_content_type_id_codename_01ab375a_uniq" ON "auth_permission" ("content_type_id", "codename");
CREATE INDEX "auth_permission_content_type_id_2f476e4b" ON "auth_permission" ("content_type_id");
CREATE INDEX "logged_food_loggedfood_food_type_id_08d9ab4e" ON "logged_food_loggedfood" ("food_type_id");
CREATE INDEX "model_meal_type_component_modelmealtypecomponent_food_type_id_id_5ddfa546" ON "model_meal_type_component_modelmealtypecomponent" ("food_type_id_id");
CREATE INDEX "model_meal_type_component_modelmealtypecomponent_meal_type_nutritional_plan_id_bcb3a92e" ON "model_meal_type_component_modelmealtypecomponent" ("meal_type_nutritional_plan_id");
CREATE INDEX "logged_meal_loggedmeal_food_id_d18ce983" ON "logged_meal_loggedmeal" ("logged_food_id");
CREATE INDEX "logged_meal_loggedmeal_meal_type_id_6bbb9b13" ON "logged_meal_loggedmeal" ("meal_type_id");
CREATE INDEX "logged_meal_loggedmeal_model_meal_type_component_id_460b5701" ON "logged_meal_loggedmeal" ("model_meal_type_component_id");
CREATE INDEX "nutritional_goal_nutritionalgoal_user_id_8eb94140" ON "nutritional_goal_nutritionalgoal" ("user_id");
CREATE INDEX "meal_type_nutritional_plan_mealtypenutritionalplan_meal_type_id_ce99c48a" ON "meal_type_nutritional_plan_mealtypenutritionalplan" ("meal_type_id");
CREATE INDEX "meal_type_nutritional_plan_mealtypenutritionalplan_nutritional_plan_id_d0b04c47" ON "meal_type_nutritional_plan_mealtypenutritionalplan" ("nutritional_plan_id");
CREATE INDEX "planned_meal_plannedmeal_food_type_id_94dfb6ee" ON "planned_meal_plannedmeal" ("food_type_id");
CREATE INDEX "planned_meal_plannedmeal_nutritional_plan_id_fb9757c7" ON "planned_meal_plannedmeal" ("nutritional_plan_id");
CREATE INDEX "planned_food_plannedfood_food_type_id_c31772e6" ON "planned_food_plannedfood" ("food_type_id");
CREATE INDEX "planned_food_plannedfood_nutritional_plan_id_2030cb67" ON "planned_food_plannedfood" ("nutritional_plan_id");
CREATE INDEX "planned_food_plannedfood_planned_meal_id_b9e41ad4" ON "planned_food_plannedfood" ("planned_meal_id");
CREATE INDEX "django_session_expire_date_a5c62663" ON "django_session" ("expire_date");
CREATE INDEX "food_preference_foodpreference_user_id_7f4839d2" ON "food_preference_foodpreference" ("user_id");
CREATE INDEX "food_preference_foodpreference_food_type_id_3aec84ba" ON "food_preference_foodpreference" ("food_type_id");
COMMIT;
